Index,Date-Time,Production,SSI,SSIRPrime,SWR,SWRRPrime,
1,01/03/2021 8:00,961.274,429.638,435.402,485.883,519.789,
2,01/03/2021 9:00,1504.686,630.547,639.006,699.008,747.786,
3,01/03/2021 10:00,1857.055,864.124,875.717,845.800,904.821,
4,01/03/2021 11:00,1978.392,945.897,958.587,940.767,1006.415,
5,01/03/2021 12:00,1922.606,984.261,997.465,873.267,934.205,
6,01/03/2021 13:00,1584.103,907.609,919.785,737.417,788.875,
7,01/03/2021 14:00,1959.883,831.374,842.527,204.892,219.189,
8,01/03/2021 15:00,1405.211,626.165,634.565,461.433,493.633,
9,02/03/2021 8:00,828.550,433.094,438.904,497.850,532.591,
10,02/03/2021 9:00,1446.409,634.140,642.647,707.225,756.576,
11,02/03/2021 10:00,1850.833,867.653,879.293,828.450,886.260,
12,02/03/2021 11:00,2061.546,949.279,962.014,941.542,1007.244,
13,02/03/2021 12:00,2081.746,987.332,1000.577,980.967,1049.420,
14,02/03/2021 13:00,1976.010,921.198,933.556,918.617,982.719,
15,02/03/2021 14:00,1646.008,833.923,845.111,780.650,835.125,
16,02/03/2021 15:00,1142.411,681.047,690.184,428.625,458.535,
17,03/03/2021 8:00,999.645,436.577,442.434,504.950,540.186,
18,03/03/2021 9:00,1558.617,637.752,646.308,709.667,759.188,
19,03/03/2021 10:00,1895.170,871.198,882.885,866.510,926.976,
20,03/03/2021 11:00,2077.728,952.676,965.457,962.342,1029.495,
21,03/03/2021 12:00,2083.598,990.417,1003.704,976.508,1044.651,
22,03/03/2021 13:00,1948.572,923.981,936.377,915.592,979.483,
23,03/03/2021 14:00,1669.903,836.437,847.658,784.617,839.368,
24,03/03/2021 15:00,1251.586,683.206,692.372,592.392,633.730,
25,04/03/2021 8:00,981.044,440.087,445.991,511.583,547.282,
26,04/03/2021 9:00,1508.545,641.383,649.987,728.858,779.719,
27,04/03/2021 10:00,1859.259,874.755,886.490,877.750,939.001,
28,04/03/2021 11:00,2016.813,956.089,968.916,975.208,1043.260,
29,04/03/2021 12:00,2038.352,993.516,1006.845,990.717,1059.850,
30,04/03/2021 13:00,1926.261,926.741,939.174,930.792,995.744,
31,04/03/2021 14:00,1636.688,838.911,850.166,798.967,854.720,
32,04/03/2021 15:00,1185.924,685.321,694.515,601.625,643.607,
33,05/03/2021 8:00,1012.825,443.609,449.560,519.783,556.055,
34,05/03/2021 9:00,1462.609,645.029,653.683,731.158,782.180,
35,05/03/2021 10:00,1756.253,878.322,890.105,878.370,939.664,
36,05/03/2021 11:00,1921.204,959.516,972.389,975.150,1043.197,
37,05/03/2021 12:00,1915.692,996.628,1009.998,989.483,1058.531,
38,05/03/2021 13:00,1820.624,929.478,941.948,928.342,993.123,
39,05/03/2021 14:00,1576.812,841.348,852.635,796.008,851.555,
40,05/03/2021 15:00,1133.730,687.392,696.613,600.083,641.958,
41,06/03/2021 8:00,984.689,447.124,453.122,518.833,555.038,
42,06/03/2021 9:00,1435.222,648.689,657.391,729.475,780.379,
43,06/03/2021 10:00,1737.873,881.893,893.724,874.120,935.117,
44,06/03/2021 11:00,1890.391,962.955,975.874,971.525,1039.319,
45,06/03/2021 12:00,1916.559,999.752,1013.164,986.142,1054.956,
46,06/03/2021 13:00,1850.519,932.189,944.695,924.817,989.352,
47,06/03/2021 14:00,1580.602,843.744,855.063,789.417,844.503,
48,06/03/2021 15:00,1190.165,689.418,698.667,569.900,609.668,
49,07/03/2021 8:00,1010.177,450.656,456.702,521.692,558.096,
50,07/03/2021 9:00,1453.337,652.359,661.110,710.508,760.089,
51,07/03/2021 10:00,1745.131,885.228,897.104,876.560,937.728,
52,07/03/2021 11:00,1930.905,966.404,979.369,978.200,1046.460,
53,07/03/2021 12:00,1958.917,1002.886,1016.340,993.158,1062.462,
54,07/03/2021 13:00,1825.207,934.873,947.415,932.100,997.143,
55,07/03/2021 14:00,1539.709,846.099,857.450,798.175,853.873,
56,07/03/2021 15:00,1114.783,691.399,700.675,596.658,638.294,
57,08/03/2021 8:00,1000.275,454.206,460.299,529.333,566.271,
58,08/03/2021 9:00,1462.804,656.038,664.839,741.258,792.984,
59,08/03/2021 10:00,1766.125,888.561,900.481,882.280,943.847,
60,08/03/2021 11:00,1977.108,969.801,982.811,987.100,1055.981,
61,08/03/2021 12:00,2006.569,1006.031,1019.528,1002.767,1072.741,
62,08/03/2021 13:00,1848.536,937.528,950.106,942.642,1008.421,
63,08/03/2021 14:00,1586.006,848.411,859.793,807.950,864.330,
64,08/03/2021 15:00,1156.609,693.335,702.636,604.283,646.451,
65,09/03/2021 8:00,1012.407,457.769,463.911,536.433,573.866,
66,09/03/2021 9:00,1480.985,659.722,668.573,748.608,800.847,
67,09/03/2021 10:00,1788.996,891.896,903.861,892.800,955.101,
68,09/03/2021 11:00,1970.457,972.967,986.020,991.525,1060.715,
69,09/03/2021 12:00,1982.839,1009.183,1022.722,1011.500,1082.084,
70,09/03/2021 13:00,1879.145,940.153,952.766,939.500,1005.060,
71,09/03/2021 14:00,1590.040,850.680,862.093,804.758,860.916,
72,09/03/2021 15:00,1147.344,695.223,704.549,605.242,647.476,
73,10/03/2021 8:00,1042.470,461.345,467.534,533.033,570.229,
74,10/03/2021 9:00,1507.451,663.412,672.312,747.642,799.813,
75,10/03/2021 10:00,1862.836,895.231,907.241,891.020,953.197,
76,10/03/2021 11:00,2037.015,976.139,989.235,989.625,1058.682,
77,10/03/2021 12:00,2055.091,1012.345,1025.926,1015.492,1086.354,
78,10/03/2021 13:00,1932.022,942.622,955.268,947.083,1013.172,
79,10/03/2021 14:00,1652.397,852.905,864.347,807.442,863.786,
80,10/03/2021 15:00,1209.509,697.066,706.417,608.217,650.659,
81,11/03/2021 8:00,1035.648,464.930,471.167,542.217,580.053,
82,11/03/2021 9:00,1526.184,667.064,676.013,699.725,748.553,
83,11/03/2021 10:00,1865.172,898.566,910.620,890.450,952.587,
84,11/03/2021 11:00,2041.884,979.315,992.454,994.808,1064.228,
85,11/03/2021 12:00,2050.336,1015.512,1029.136,961.200,1028.274,
86,11/03/2021 13:00,1924.744,938.261,950.849,867.033,927.536,
87,11/03/2021 14:00,1619.194,855.083,866.555,809.533,866.024,
88,11/03/2021 15:00,1068.945,698.861,708.236,603.920,646.062,
89,12/03/2021 8:00,1049.786,468.523,474.809,546.308,584.431,
90,12/03/2021 9:00,1566.310,670.518,679.513,740.375,792.039,
91,12/03/2021 10:00,1921.857,901.897,913.996,886.650,948.522,
92,12/03/2021 11:00,1983.087,982.494,995.675,993.633,1062.971,
93,12/03/2021 12:00,1848.026,1018.686,1032.352,971.308,1039.088,
94,12/03/2021 13:00,1634.902,938.095,950.680,778.933,833.288,
95,12/03/2021 14:00,1269.183,849.598,860.996,510.458,546.079,
96,12/03/2021 15:00,931.771,700.608,710.007,460.800,492.955,
97,13/03/2021 8:00,964.280,472.072,478.406,499.658,534.525,
98,13/03/2021 9:00,1381.910,673.969,683.011,703.783,752.894,
99,13/03/2021 10:00,1667.220,900.401,912.481,835.170,893.449,
100,13/03/2021 11:00,1521.393,984.766,997.977,953.808,1020.366,
101,13/03/2021 12:00,1976.797,1021.247,1034.948,950.742,1017.086,
102,13/03/2021 13:00,1848.679,928.026,940.476,905.667,968.865,
103,13/03/2021 14:00,1531.336,850.918,862.333,566.900,606.459,
104,13/03/2021 15:00,952.915,688.991,698.234,207.008,221.454,
105,14/03/2021 8:00,714.520,475.605,481.985,477.133,510.428,
106,14/03/2021 9:00,1409.503,677.415,686.503,621.058,664.397,
107,14/03/2021 10:00,1814.783,908.542,920.730,873.330,934.272,
108,14/03/2021 11:00,1980.548,988.743,1002.008,980.767,1049.206,
109,14/03/2021 12:00,2087.250,1022.833,1036.555,985.117,1053.860,
110,14/03/2021 13:00,1423.694,899.525,911.592,844.508,903.439,
111,14/03/2021 14:00,629.876,835.380,846.587,630.775,674.791,
112,14/03/2021 15:00,602.736,694.669,703.988,165.875,177.450,
113,15/03/2021 8:00,834.838,479.138,485.566,533.408,570.630,
114,15/03/2021 9:00,1033.872,680.855,689.989,703.167,752.235,
115,15/03/2021 10:00,1816.131,911.851,924.084,860.310,920.344,
116,15/03/2021 11:00,2051.003,991.636,1004.939,973.383,1041.307,
117,15/03/2021 12:00,2282.947,1026.240,1040.008,949.475,1015.731,
118,15/03/2021 13:00,1699.333,953.587,966.380,889.850,951.945,
119,15/03/2021 14:00,804.787,852.109,863.540,424.317,453.926,
120,15/03/2021 15:00,860.472,608.520,616.683,331.750,354.900,
121,16/03/2021 8:00,471.536,482.671,489.146,208.158,222.684,
122,16/03/2021 9:00,920.026,555.847,563.304,484.458,518.265,
123,16/03/2021 10:00,1162.043,793.380,804.024,621.340,664.698,
124,16/03/2021 11:00,1658.636,905.168,917.311,870.358,931.093,
125,16/03/2021 12:00,1884.017,905.830,917.982,794.067,849.478,
126,16/03/2021 13:00,1348.055,953.173,965.961,628.792,672.670,
127,16/03/2021 14:00,1109.018,852.455,863.891,652.025,697.524,
128,16/03/2021 15:00,1054.737,707.117,716.603,412.075,440.830,
129,17/03/2021 8:00,956.815,486.199,492.722,499.800,534.677,
130,17/03/2021 9:00,1246.044,687.705,696.931,610.925,653.556,
131,17/03/2021 10:00,1886.178,911.199,923.423,840.510,899.162,
132,17/03/2021 11:00,2093.617,935.478,948.028,911.067,974.642,
133,17/03/2021 12:00,2184.491,1012.598,1026.183,954.367,1020.964,
134,17/03/2021 13:00,1994.869,935.852,948.407,912.675,976.363,
135,17/03/2021 14:00,1383.445,865.644,877.257,743.533,795.418,
136,17/03/2021 15:00,1397.659,708.624,718.130,493.992,528.463,
137,18/03/2021 8:00,995.210,489.724,496.294,527.933,564.773,
138,18/03/2021 9:00,1389.703,691.111,700.382,733.758,784.961,
139,18/03/2021 10:00,1893.131,921.708,934.073,875.010,936.069,
140,18/03/2021 11:00,2124.606,1000.292,1013.712,986.483,1055.322,
141,18/03/2021 12:00,2135.090,1033.740,1047.608,995.817,1065.306,
142,18/03/2021 13:00,2001.833,960.190,973.071,929.483,994.344,
143,18/03/2021 14:00,1748.074,868.158,879.805,788.833,843.879,
144,18/03/2021 15:00,1333.703,710.081,719.607,602.575,644.624,
145,19/03/2021 8:00,,421.554,427.209,22.825,24.418,
146,19/03/2021 9:00,585.093,597.559,605.576,186.883,199.924,
147,19/03/2021 10:00,1399.818,851.967,863.397,604.800,647.004,
148,19/03/2021 11:00,1788.989,941.297,953.925,906.358,969.605,
149,19/03/2021 12:00,2007.629,965.848,978.805,806.908,863.216,
150,19/03/2021 13:00,1999.418,907.938,920.119,891.025,953.202,
151,19/03/2021 14:00,435.270,858.360,869.875,262.883,281.228,
152,19/03/2021 15:00,,711.435,720.980,30.725,32.869,
153,20/03/2021 8:00,1160.265,496.847,503.512,553.167,591.767,
154,20/03/2021 9:00,1602.947,697.962,707.326,753.917,806.526,
155,20/03/2021 10:00,1868.126,927.886,940.334,881.000,942.477,
156,20/03/2021 11:00,2001.979,1006.059,1019.556,961.133,1028.203,
157,20/03/2021 12:00,2077.862,1038.736,1052.671,915.417,979.296,
158,20/03/2021 13:00,1964.506,959.593,972.466,831.400,889.416,
159,20/03/2021 14:00,1325.964,852.019,863.449,677.350,724.616,
160,20/03/2021 15:00,1220.445,712.798,722.361,587.308,628.292,
161,21/03/2021 8:00,866.984,500.340,507.052,218.983,234.264,
162,21/03/2021 9:00,1139.825,701.316,710.724,616.608,659.636,
163,21/03/2021 10:00,1722.215,930.177,942.655,791.300,846.518,
164,21/03/2021 11:00,2089.368,1008.914,1022.449,980.192,1048.591,
165,21/03/2021 12:00,2150.880,1041.230,1055.199,988.217,1057.176,
166,21/03/2021 13:00,2262.404,959.535,972.407,594.425,635.905,
167,21/03/2021 14:00,1516.760,653.633,662.402,50.175,53.676,
168,21/03/2021 15:00,715.293,626.177,634.577,67.725,72.451,
169,22/03/2021 8:00,952.076,503.819,510.579,365.158,390.640,
170,22/03/2021 9:00,771.190,700.683,710.083,689.158,737.249,
171,22/03/2021 10:00,572.152,451.335,457.390,443.040,473.956,
172,22/03/2021 11:00,836.420,380.031,385.129,118.292,126.546,
173,22/03/2021 12:00,666.670,358.277,363.084,173.133,185.215,
174,22/03/2021 13:00,1099.757,591.064,598.993,351.400,375.921,
175,22/03/2021 14:00,1384.859,610.812,619.006,402.558,430.649,
176,22/03/2021 15:00,985.504,547.709,555.057,265.075,283.572,
177,23/03/2021 8:00,406.429,507.282,514.088,450.058,481.464,
178,23/03/2021 9:00,1100.121,705.151,714.611,517.875,554.013,
179,23/03/2021 10:00,1844.870,936.443,949.006,698.620,747.371,
180,23/03/2021 11:00,1544.261,1014.036,1027.639,692.567,740.895,
181,23/03/2021 12:00,982.513,695.188,704.514,517.158,553.246,
182,23/03/2021 13:00,691.032,545.883,553.206,383.200,409.940,
183,23/03/2021 14:00,248.278,522.987,530.004,265.092,283.590,
184,23/03/2021 15:00,321.630,556.702,564.170,240.808,257.612,
185,24/03/2021 8:00,1184.662,510.726,517.578,564.458,603.847,
186,24/03/2021 9:00,1670.231,711.240,720.782,756.208,808.978,
187,24/03/2021 10:00,1995.780,939.142,951.741,912.190,975.844,
188,24/03/2021 11:00,1757.564,1016.534,1030.171,992.433,1061.687,
189,24/03/2021 12:00,2121.553,1048.205,1062.267,1005.325,1075.478,
190,24/03/2021 13:00,1690.882,968.150,981.139,940.433,1006.058,
191,24/03/2021 14:00,1301.740,877.406,889.177,803.317,859.373,
192,24/03/2021 15:00,1300.269,717.774,727.403,563.125,602.421,
193,25/03/2021 8:00,1217.060,514.149,521.046,563.067,602.358,
194,25/03/2021 9:00,1712.479,714.494,724.079,646.150,691.239,
195,25/03/2021 10:00,2034.297,941.816,954.451,901.780,964.708,
196,25/03/2021 11:00,2162.175,1019.018,1032.689,1012.917,1083.599,
197,25/03/2021 12:00,2183.092,1050.952,1065.051,1029.992,1101.866,
198,25/03/2021 13:00,2075.590,972.644,985.693,962.308,1029.460,
199,25/03/2021 14:00,1786.329,878.779,890.568,820.817,878.094,
200,25/03/2021 15:00,1329.455,718.902,728.547,615.283,658.219,
201,26/03/2021 8:00,1198.078,517.547,524.490,536.275,573.697,
202,26/03/2021 9:00,1652.529,717.719,727.347,699.125,747.911,
203,26/03/2021 10:00,1982.796,944.464,957.134,863.620,923.885,
204,26/03/2021 11:00,2136.837,1021.485,1035.189,1030.350,1102.249,
205,26/03/2021 12:00,2156.254,1052.736,1066.859,1039.442,1111.975,
206,26/03/2021 13:00,2021.062,974.677,987.753,970.233,1037.938,
207,26/03/2021 14:00,1723.357,880.103,891.910,827.508,885.253,
208,26/03/2021 15:00,1278.787,719.987,729.646,623.183,666.670,
209,27/03/2021 8:00,1169.057,520.921,527.910,587.383,628.372,
210,27/03/2021 9:00,1614.587,720.912,730.583,794.317,849.745,
211,27/03/2021 10:00,1944.951,947.081,959.787,935.840,1001.144,
212,27/03/2021 11:00,2126.086,1023.934,1037.671,1027.308,1098.995,
213,27/03/2021 12:00,2147.114,1054.515,1068.662,1043.358,1116.165,
214,27/03/2021 13:00,2018.776,976.219,989.316,971.583,1039.382,
215,27/03/2021 14:00,1718.083,881.378,893.202,829.025,886.876,
216,27/03/2021 15:00,1262.548,721.028,730.701,623.417,666.920,
217,28/03/2021 8:00,1192.889,524.266,531.299,563.400,602.715,
218,28/03/2021 9:00,1641.295,724.068,733.781,771.108,824.917,
219,28/03/2021 10:00,1910.097,949.669,962.409,924.910,989.452,
220,28/03/2021 11:00,1914.560,1026.363,1040.132,1015.058,1085.891,
221,28/03/2021 12:00,2126.479,1056.288,1070.459,1031.725,1103.720,
222,28/03/2021 13:00,1987.245,977.595,990.710,969.667,1037.331,
223,28/03/2021 14:00,1741.609,882.604,894.445,821.950,879.307,
224,28/03/2021 15:00,1338.553,722.027,731.713,620.275,663.559,
225,29/03/2021 8:00,1123.957,527.580,534.658,586.967,627.926,
226,29/03/2021 9:00,1541.561,727.189,736.944,782.467,837.068,
227,29/03/2021 10:00,1814.466,906.308,918.467,925.980,990.596,
228,29/03/2021 11:00,2024.236,1028.553,1042.352,1016.850,1087.807,
229,29/03/2021 12:00,2066.435,1058.054,1072.248,1023.092,1094.485,
230,29/03/2021 13:00,1922.696,978.965,992.098,954.333,1020.928,
231,29/03/2021 14:00,1650.135,883.801,895.657,816.383,873.352,
232,29/03/2021 15:00,1206.040,722.984,732.683,615.750,658.718,
233,30/03/2021 8:00,1132.217,530.862,537.983,592.592,633.944,
234,30/03/2021 9:00,1531.185,730.270,740.067,713.992,763.815,
235,30/03/2021 10:00,1846.503,954.743,967.552,877.230,938.444,
236,30/03/2021 11:00,1955.197,1030.660,1044.487,1009.058,1079.472,
237,30/03/2021 12:00,1974.048,1059.814,1074.032,1031.433,1103.408,
238,30/03/2021 13:00,1871.363,978.782,991.913,962.008,1029.139,
239,30/03/2021 14:00,1552.565,884.913,896.785,820.892,878.175,
240,30/03/2021 15:00,1138.914,723.902,733.613,614.517,657.399,
241,31/03/2021 8:00,1136.779,534.048,541.213,542.283,580.125,
242,31/03/2021 9:00,1585.406,733.311,743.148,690.708,738.907,
243,31/03/2021 10:00,1854.400,957.226,970.068,943.520,1009.360,
244,31/03/2021 11:00,1989.972,1032.745,1046.599,1030.950,1102.891,
245,31/03/2021 12:00,1973.603,1061.566,1075.808,1047.767,1120.881,
246,31/03/2021 13:00,1832.682,981.536,994.704,973.283,1041.200,
247,31/03/2021 14:00,1593.975,885.997,897.883,825.867,883.497,
248,31/03/2021 15:00,1189.053,724.781,734.504,545.208,583.254,
249,01/04/2021 8:00,1161.058,537.196,537.312,604.125,623.773,
250,01/04/2021 9:00,1572.834,736.308,736.467,807.825,834.097,
251,01/04/2021 10:00,1880.958,959.672,959.879,947.460,978.274,
252,01/04/2021 11:00,2037.488,1034.806,1035.030,1031.650,1065.202,
253,01/04/2021 12:00,2039.321,1063.309,1063.539,1035.292,1068.962,
254,01/04/2021 13:00,1897.714,982.537,982.749,966.117,997.537,
255,01/04/2021 14:00,1628.452,887.036,887.228,826.700,853.586,
256,01/04/2021 15:00,1203.905,725.621,725.778,625.183,645.516,
257,02/04/2021 8:00,1146.825,540.306,540.422,606.833,626.569,
258,02/04/2021 9:00,1573.912,739.259,739.419,809.992,836.334,
259,02/04/2021 10:00,1872.673,962.076,962.284,949.260,980.132,
260,02/04/2021 11:00,2015.412,1036.843,1037.067,1044.400,1078.366,
261,02/04/2021 12:00,1991.684,1065.044,1065.274,1050.517,1084.682,
262,02/04/2021 13:00,1819.741,983.778,983.991,969.300,1000.824,
263,02/04/2021 14:00,1571.720,888.029,888.221,819.408,846.057,
264,02/04/2021 15:00,1175.776,726.426,726.583,616.492,636.541,
265,03/04/2021 8:00,1173.676,543.374,543.491,603.750,623.385,
266,03/04/2021 9:00,1616.259,742.158,742.318,805.958,832.170,
267,03/04/2021 10:00,1896.775,964.439,964.648,945.390,976.136,
268,03/04/2021 11:00,2012.528,1038.853,1039.077,1040.758,1074.606,
269,03/04/2021 12:00,1993.457,1066.769,1066.999,1047.925,1082.006,
270,03/04/2021 13:00,1858.479,984.836,985.049,976.008,1007.750,
271,03/04/2021 14:00,1615.776,888.978,889.170,830.492,857.501,
272,03/04/2021 15:00,1184.098,727.197,727.354,625.592,645.937,
273,04/04/2021 8:00,1114.772,546.400,546.518,609.067,628.875,
274,04/04/2021 9:00,1541.765,744.796,744.957,812.858,839.294,
275,04/04/2021 10:00,1822.400,966.758,966.967,952.060,983.023,
276,04/04/2021 11:00,1939.616,1040.835,1041.059,1034.692,1068.342,
277,04/04/2021 12:00,1929.282,1068.485,1068.716,1037.250,1070.984,
278,04/04/2021 13:00,1825.523,985.854,986.067,965.442,996.840,
279,04/04/2021 14:00,1539.139,889.884,890.076,822.358,849.103,
280,04/04/2021 15:00,1098.029,727.933,728.090,614.292,634.270,
281,05/04/2021 8:00,982.483,549.381,549.499,599.083,618.567,
282,05/04/2021 9:00,1112.961,747.380,747.541,773.492,798.647,
283,05/04/2021 10:00,1411.256,961.931,962.138,887.370,916.229,
284,05/04/2021 11:00,1870.837,967.870,968.079,941.050,971.655,
285,05/04/2021 12:00,1587.133,667.658,667.803,838.242,865.503,
286,05/04/2021 13:00,1346.657,857.645,857.830,573.058,591.695,
287,05/04/2021 14:00,443.392,869.556,869.744,625.058,645.387,
288,05/04/2021 15:00,804.110,728.635,728.793,540.608,558.190,
289,06/04/2021 8:00,1025.555,552.316,552.435,602.108,621.690,
290,06/04/2021 9:00,1463.933,749.915,750.077,803.392,829.520,
291,06/04/2021 10:00,1738.925,971.257,971.467,940.890,971.490,
292,06/04/2021 11:00,1872.875,1044.280,1044.506,1024.558,1057.879,
293,06/04/2021 12:00,1942.136,1068.854,1069.085,1027.833,1061.261,
294,06/04/2021 13:00,1816.096,987.319,987.533,955.208,986.274,
295,06/04/2021 14:00,1521.744,891.568,891.761,803.325,829.451,
296,06/04/2021 15:00,985.598,729.307,729.465,518.333,535.191,
297,07/04/2021 8:00,1051.296,555.198,555.318,600.367,619.892,
298,07/04/2021 9:00,1481.529,752.402,752.564,800.683,826.723,
299,07/04/2021 10:00,1760.332,973.434,973.645,938.480,969.001,
300,07/04/2021 11:00,1894.742,1045.890,1046.116,1020.792,1053.990,
301,07/04/2021 12:00,1948.101,1069.311,1069.542,1024.875,1058.206,
302,07/04/2021 13:00,1828.790,985.401,985.614,952.775,983.761,
303,07/04/2021 14:00,1552.168,892.349,892.541,806.267,832.488,
304,07/04/2021 15:00,1129.126,729.948,730.106,560.483,578.712,
305,08/04/2021 8:00,1077.690,557.966,558.087,604.875,624.547,
306,08/04/2021 9:00,1549.754,754.837,755.000,797.017,822.937,
307,08/04/2021 10:00,1849.155,975.429,975.640,944.740,975.465,
308,08/04/2021 11:00,1974.104,1047.470,1047.696,1028.075,1061.510,
309,08/04/2021 12:00,1952.127,1073.781,1074.013,1030.217,1063.722,
310,08/04/2021 13:00,1837.908,988.767,988.981,958.025,989.182,
311,08/04/2021 14:00,1590.140,893.089,893.282,815.800,842.332,
312,08/04/2021 15:00,1116.184,730.561,730.719,544.242,561.942,
313,09/04/2021 8:00,1182.217,560.682,560.803,612.308,632.222,
314,09/04/2021 9:00,1591.765,757.220,757.384,791.050,816.777,
315,09/04/2021 10:00,1856.420,977.143,977.354,945.850,976.611,
316,09/04/2021 11:00,1972.369,1049.018,1049.245,1027.558,1060.977,
317,09/04/2021 12:00,1968.490,1075.154,1075.386,1011.592,1044.491,
318,09/04/2021 13:00,1745.290,989.104,989.318,955.375,986.446,
319,09/04/2021 14:00,1631.334,893.789,893.982,745.967,770.227,
320,09/04/2021 15:00,1091.583,731.144,731.302,458.990,473.917,
321,10/04/2021 8:00,1174.214,563.347,563.468,619.000,639.131,
322,10/04/2021 9:00,1614.305,759.549,759.713,804.792,830.965,
323,10/04/2021 10:00,1922.055,978.811,979.023,954.170,985.202,
324,10/04/2021 11:00,2069.774,1050.532,1050.758,1036.350,1070.054,
325,10/04/2021 12:00,2082.693,1076.377,1076.610,1038.192,1071.956,
326,10/04/2021 13:00,1940.021,991.083,991.297,967.050,998.501,
327,10/04/2021 14:00,1690.663,894.451,894.644,823.983,850.781,
328,10/04/2021 15:00,1146.202,731.700,731.858,613.067,633.005,
329,11/04/2021 8:00,1187.478,565.959,566.081,628.233,648.665,
330,11/04/2021 9:00,1650.386,761.826,761.990,828.417,855.359,
331,11/04/2021 10:00,1958.797,980.434,980.646,963.830,995.176,
332,11/04/2021 11:00,2111.900,1052.010,1052.237,1051.142,1085.327,
333,11/04/2021 12:00,2098.904,1077.358,1077.591,1059.058,1093.501,
334,11/04/2021 13:00,1934.289,991.811,992.025,983.667,1015.658,
335,11/04/2021 14:00,1680.223,895.053,895.246,793.942,819.762,
336,11/04/2021 15:00,1219.294,732.230,732.388,585.367,604.404,
337,12/04/2021 8:00,1243.394,568.519,568.641,629.450,649.921,
338,12/04/2021 9:00,1681.530,764.046,764.211,829.075,856.038,
339,12/04/2021 10:00,1986.515,982.010,982.223,964.100,995.455,
340,12/04/2021 11:00,2118.944,1053.452,1053.680,1052.492,1086.721,
341,12/04/2021 12:00,2138.779,1078.329,1078.562,1058.367,1092.787,
342,12/04/2021 13:00,1988.826,992.499,992.713,982.642,1014.599,
343,12/04/2021 14:00,1670.382,895.608,895.802,835.342,862.509,
344,12/04/2021 15:00,1218.299,732.734,732.892,627.825,648.243,
345,13/04/2021 8:00,1223.653,571.023,571.147,628.050,648.476,
346,13/04/2021 9:00,1621.468,766.208,766.374,813.692,840.155,
347,13/04/2021 10:00,1878.208,982.816,983.029,931.070,961.350,
348,13/04/2021 11:00,2032.083,1054.629,1054.857,1034.375,1068.015,
349,13/04/2021 12:00,2071.948,1079.290,1079.523,1033.558,1067.172,
350,13/04/2021 13:00,2021.146,952.532,952.738,771.492,796.582,
351,13/04/2021 14:00,817.772,623.845,623.980,118.425,122.276,
352,13/04/2021 15:00,382.597,548.237,548.356,203.392,210.006,
353,14/04/2021 8:00,1195.401,573.473,573.597,493.842,509.903,
354,14/04/2021 9:00,1617.533,768.316,768.482,691.375,713.860,
355,14/04/2021 10:00,1875.609,985.021,985.234,949.600,980.483,
356,14/04/2021 11:00,2057.251,1056.219,1056.447,1029.725,1063.214,
357,14/04/2021 12:00,2061.057,1080.240,1080.473,1030.625,1064.143,
358,14/04/2021 13:00,1943.558,993.756,993.971,961.433,992.701,
359,14/04/2021 14:00,1648.870,896.619,896.813,819.150,845.791,
360,14/04/2021 15:00,1096.219,733.672,733.830,608.892,628.694,
361,15/04/2021 8:00,1220.777,575.866,575.991,584.325,603.329,
362,15/04/2021 9:00,1612.628,770.363,770.529,806.333,832.557,
363,15/04/2021 10:00,1867.999,986.453,986.666,945.420,976.167,
364,15/04/2021 11:00,2040.834,1057.525,1057.753,1023.100,1056.374,
365,15/04/2021 12:00,2061.354,1081.179,1081.413,1027.792,1061.218,
366,15/04/2021 13:00,1928.282,994.258,994.473,962.442,993.742,
367,15/04/2021 14:00,1645.456,897.076,897.270,818.317,844.930,
368,15/04/2021 15:00,1219.944,734.107,734.266,612.850,632.781,
369,16/04/2021 8:00,723.998,578.201,578.326,290.617,300.068,
370,16/04/2021 9:00,1243.532,772.353,772.520,796.658,822.567,
371,16/04/2021 10:00,1761.982,987.835,988.048,952.830,983.818,
372,16/04/2021 11:00,1678.086,1058.615,1058.843,1028.083,1061.519,
373,16/04/2021 12:00,1981.750,1082.105,1082.339,1026.108,1059.480,
374,16/04/2021 13:00,1873.715,994.860,995.075,951.308,982.247,
375,16/04/2021 14:00,1611.515,897.504,897.698,789.342,815.013,
376,16/04/2021 15:00,1218.003,734.522,734.681,524.767,541.833,
377,17/04/2021 8:00,,580.478,580.604,596.483,615.882,
378,17/04/2021 9:00,,774.283,774.450,825.642,852.493,
379,17/04/2021 10:00,,989.166,989.380,963.490,994.825,
380,17/04/2021 11:00,1960.611,1059.664,1059.893,1040.817,1074.666,
381,17/04/2021 12:00,2100.420,1083.017,1083.251,1049.008,1083.124,
382,17/04/2021 13:00,1965.012,995.355,995.570,971.775,1003.379,
383,17/04/2021 14:00,1628.944,897.902,898.096,825.550,852.399,
384,17/04/2021 15:00,1193.981,734.917,735.076,622.208,642.444,
385,18/04/2021 8:00,1059.090,582.696,582.822,621.142,641.343,
386,18/04/2021 9:00,1658.764,776.152,776.320,807.800,834.071,
387,18/04/2021 10:00,2024.244,990.446,990.660,957.310,988.444,
388,18/04/2021 11:00,2111.954,1060.673,1060.902,1040.750,1074.598,
389,18/04/2021 12:00,2097.536,1083.916,1084.150,1039.833,1073.651,
390,18/04/2021 13:00,1947.698,995.803,996.018,947.167,977.971,
391,18/04/2021 14:00,1095.527,898.271,898.465,813.908,840.378,
392,18/04/2021 15:00,919.656,735.294,735.453,628.933,649.388,
393,19/04/2021 8:00,744.382,584.853,584.980,610.458,630.312,
394,19/04/2021 9:00,1584.877,777.962,778.130,815.683,842.211,
395,19/04/2021 10:00,1877.430,991.672,991.887,940.600,971.190,
396,19/04/2021 11:00,1992.965,1061.643,1061.872,1029.692,1063.180,
397,19/04/2021 12:00,2063.074,1084.799,1085.033,1035.300,1068.970,
398,19/04/2021 13:00,1962.472,995.089,995.304,962.608,993.915,
399,19/04/2021 14:00,1662.545,898.614,898.809,825.842,852.700,
400,19/04/2021 15:00,1200.267,735.654,735.813,626.275,646.643,
401,20/04/2021 8:00,1181.765,586.950,587.077,615.242,635.251,
402,20/04/2021 9:00,1570.561,779.709,779.878,801.417,827.481,
403,20/04/2021 10:00,1859.320,992.847,993.061,933.310,963.663,
404,20/04/2021 11:00,2018.670,1062.571,1062.800,1019.325,1052.476,
405,20/04/2021 12:00,2063.139,1079.728,1079.961,1023.925,1057.225,
406,20/04/2021 13:00,1900.925,988.190,988.404,942.333,972.980,
407,20/04/2021 14:00,1567.746,894.738,894.931,800.600,826.637,
408,20/04/2021 15:00,1212.832,735.997,736.156,596.675,616.080,
409,21/04/2021 8:00,1018.330,588.985,589.112,594.267,613.594,
410,21/04/2021 9:00,1547.579,781.395,781.564,750.233,774.633,
411,21/04/2021 10:00,1569.598,941.646,941.850,754.560,779.100,
412,21/04/2021 11:00,1616.681,948.369,948.574,825.008,851.839,
413,21/04/2021 12:00,1737.358,858.260,858.445,799.117,825.106,
414,21/04/2021 13:00,1732.337,875.572,875.761,811.892,838.296,
415,21/04/2021 14:00,1444.621,861.594,861.780,603.075,622.688,
416,21/04/2021 15:00,1089.852,714.758,714.912,280.592,289.717,
417,22/04/2021 8:00,1190.256,590.957,591.085,599.700,619.204,
418,22/04/2021 9:00,1717.149,783.018,783.187,788.425,814.066,
419,22/04/2021 10:00,2001.716,991.543,991.757,901.910,931.242,
420,22/04/2021 11:00,2157.864,1043.530,1043.755,904.500,933.916,
421,22/04/2021 12:00,2200.136,1071.730,1071.962,847.733,875.304,
422,22/04/2021 13:00,1610.297,968.728,968.937,743.158,767.328,
423,22/04/2021 14:00,1151.544,873.024,873.213,496.192,512.329,
424,22/04/2021 15:00,806.735,736.642,736.801,286.617,295.938,
425,23/04/2021 8:00,1305.442,592.865,592.993,625.917,646.273,
426,23/04/2021 9:00,1773.860,784.580,784.749,815.175,841.686,
427,23/04/2021 10:00,2071.117,996.049,996.264,973.650,1005.315,
428,23/04/2021 11:00,2221.150,1065.091,1065.321,1058.283,1092.701,
429,23/04/2021 12:00,2210.293,1087.253,1087.488,1066.183,1100.858,
430,23/04/2021 13:00,2059.160,997.603,997.819,993.010,1025.305,
431,23/04/2021 14:00,1743.060,899.741,899.935,846.317,873.841,
432,23/04/2021 15:00,1272.008,736.946,737.105,641.842,662.716,
433,24/04/2021 8:00,1281.272,594.711,594.840,657.708,679.099,
434,24/04/2021 9:00,1746.028,786.077,786.247,851.517,879.210,
435,24/04/2021 10:00,2051.067,997.008,997.223,984.170,1016.177,
436,24/04/2021 11:00,2202.779,1065.743,1065.973,1065.600,1100.256,
437,24/04/2021 12:00,2201.713,1087.516,1087.751,1070.708,1105.530,
438,24/04/2021 13:00,2110.295,997.866,998.082,993.917,1026.241,
439,24/04/2021 14:00,1559.691,892.465,892.658,834.092,861.218,
440,24/04/2021 15:00,1282.451,737.239,737.399,639.708,660.513,
441,25/04/2021 8:00,1314.871,596.493,596.622,661.117,682.618,
442,25/04/2021 9:00,1722.375,787.511,787.681,868.188,896.423,
443,25/04/2021 10:00,1997.968,997.912,998.128,989.530,1021.712,
444,25/04/2021 11:00,2139.721,1066.293,1066.523,1075.275,1110.245,
445,25/04/2021 12:00,2158.374,1087.770,1088.005,1070.570,1105.387,
446,25/04/2021 13:00,2024.245,998.102,998.317,994.183,1026.516,
447,25/04/2021 14:00,1727.783,900.176,900.370,695.898,718.530,
448,25/04/2021 15:00,1285.906,737.524,737.683,640.683,661.520,
449,26/04/2021 8:00,1218.555,598.209,598.338,636.233,656.925,
450,26/04/2021 9:00,1609.007,788.882,789.052,825.658,852.511,
451,26/04/2021 10:00,1866.470,998.762,998.978,953.250,984.252,
452,26/04/2021 11:00,1962.509,1066.806,1067.036,1031.708,1065.262,
453,26/04/2021 12:00,1982.414,1087.395,1087.630,1029.608,1063.094,
454,26/04/2021 13:00,1827.102,996.935,997.151,953.783,984.803,
455,26/04/2021 14:00,1534.687,900.366,900.561,698.408,721.122,
456,26/04/2021 15:00,652.232,709.449,709.602,476.958,492.470,
457,27/04/2021 8:00,1164.407,599.859,599.989,461.042,476.036,
458,27/04/2021 9:00,1629.017,790.189,790.359,794.250,820.081,
459,27/04/2021 10:00,1889.129,999.557,999.773,921.890,951.872,
460,27/04/2021 11:00,2034.237,1067.281,1067.512,1024.467,1057.785,
461,27/04/2021 12:00,1957.495,1088.179,1088.414,1023.917,1057.217,
462,27/04/2021 13:00,1759.057,993.210,993.424,936.458,966.914,
463,27/04/2021 14:00,1503.062,897.486,897.680,755.600,780.174,
464,27/04/2021 15:00,991.876,737.601,737.760,392.692,405.463,
465,28/04/2021 8:00,1217.242,601.443,601.573,637.808,658.551,
466,28/04/2021 9:00,1610.749,791.432,791.603,826.117,852.984,
467,28/04/2021 10:00,1852.143,1000.297,1000.513,952.890,983.880,
468,28/04/2021 11:00,1981.287,1067.717,1067.947,1034.558,1068.205,
469,28/04/2021 12:00,2015.529,1088.466,1088.701,1032.225,1065.795,
470,28/04/2021 13:00,1853.694,998.651,998.866,958.750,989.931,
471,28/04/2021 14:00,1596.403,900.701,900.896,816.783,843.347,
472,28/04/2021 15:00,1179.148,738.336,738.496,617.283,637.359,
473,29/04/2021 8:00,1163.198,602.960,603.090,598.042,617.491,
474,29/04/2021 9:00,1325.799,792.609,792.780,828.892,855.849,
475,29/04/2021 10:00,1832.697,1000.983,1001.199,954.100,985.129,
476,29/04/2021 11:00,1978.940,1068.113,1068.344,1037.208,1070.941,
477,29/04/2021 12:00,2035.837,1088.670,1088.905,1036.108,1069.805,
478,29/04/2021 13:00,1812.006,998.787,999.002,961.250,992.512,
479,29/04/2021 14:00,1599.351,900.849,901.043,817.083,843.657,
480,29/04/2021 15:00,1207.476,738.600,738.759,621.233,641.437,
481,30/04/2021 8:00,738.811,604.411,604.542,541.158,558.758,
482,30/04/2021 9:00,1282.806,793.723,793.895,688.983,711.391,
483,30/04/2021 10:00,1882.080,1001.614,1001.831,944.020,974.722,
484,30/04/2021 11:00,2020.700,1068.471,1068.702,1041.158,1075.019,
485,30/04/2021 12:00,2018.743,1088.857,1089.092,1038.150,1071.913,
486,30/04/2021 13:00,1878.372,998.903,999.119,962.542,993.846,
487,30/04/2021 14:00,1596.519,900.985,901.180,820.875,847.572,
488,30/04/2021 15:00,1181.014,738.862,739.021,620.942,641.136,
489,01/05/2021 8:00,1275.630,605.793,605.793,605.042,665.134,
490,01/05/2021 9:00,1561.701,794.773,794.773,818.758,900.077,
491,01/05/2021 10:00,1847.732,1002.192,1002.192,956.000,1050.949,
492,01/05/2021 11:00,2012.861,1068.789,1068.789,1035.742,1138.611,
493,01/05/2021 12:00,2020.342,1089.023,1089.023,1031.675,1134.140,
494,01/05/2021 13:00,1818.322,993.466,993.466,948.092,1042.255,
495,01/05/2021 14:00,1245.783,895.504,895.504,783.183,860.968,
496,01/05/2021 15:00,1218.082,739.123,739.123,616.383,677.602,
497,02/05/2021 8:00,1219.017,607.108,607.108,642.808,706.652,
498,02/05/2021 9:00,1615.181,795.757,795.757,833.042,915.779,
499,02/05/2021 10:00,1856.594,1002.715,1002.715,960.550,1055.951,
500,02/05/2021 11:00,2007.755,1069.070,1069.070,1039.042,1142.238,
501,02/05/2021 12:00,2005.786,1089.166,1089.166,1035.717,1138.583,
502,02/05/2021 13:00,1847.966,999.076,999.076,961.433,1056.922,
503,02/05/2021 14:00,1557.665,901.230,901.230,822.367,904.043,
504,02/05/2021 15:00,1175.213,739.387,739.387,623.808,685.764,
505,03/05/2021 8:00,1231.301,608.355,608.355,652.475,717.278,
506,03/05/2021 9:00,1615.100,796.678,796.678,842.983,926.708,
507,03/05/2021 10:00,1848.839,1003.186,1003.186,971.410,1067.890,
508,03/05/2021 11:00,1966.488,1069.311,1069.311,1046.417,1150.346,
509,03/05/2021 12:00,1962.279,1089.283,1089.283,1050.783,1155.146,
510,03/05/2021 13:00,1823.565,999.138,999.138,965.317,1061.191,
511,03/05/2021 14:00,1560.315,901.341,901.341,818.533,899.829,
512,03/05/2021 15:00,1088.512,739.652,739.652,581.742,639.520,
513,04/05/2021 8:00,1249.421,609.534,609.534,651.917,716.664,
514,04/05/2021 9:00,1656.439,797.535,797.535,838.792,922.100,
515,04/05/2021 10:00,1941.486,1003.604,1003.604,966.380,1062.360,
516,04/05/2021 11:00,2016.703,1069.513,1069.513,1040.250,1143.567,
517,04/05/2021 12:00,2009.043,1089.370,1089.370,1027.592,1129.651,
518,04/05/2021 13:00,1874.803,999.184,999.184,952.225,1046.799,
519,04/05/2021 14:00,1557.654,901.447,901.447,796.033,875.095,
520,04/05/2021 15:00,843.477,721.248,721.248,461.283,507.098,
521,05/05/2021 8:00,1219.243,610.645,610.645,645.392,709.491,
522,05/05/2021 9:00,1604.618,798.329,798.329,833.033,915.770,
523,05/05/2021 10:00,1892.627,1003.972,1003.972,961.520,1057.017,
524,05/05/2021 11:00,2020.117,1069.679,1069.679,1039.258,1142.477,
525,05/05/2021 12:00,1996.314,1089.426,1089.426,1036.575,1139.527,
526,05/05/2021 13:00,1853.064,999.217,999.217,951.850,1046.387,
527,05/05/2021 14:00,1609.223,901.547,901.547,785.100,863.075,
528,05/05/2021 15:00,1161.234,740.193,740.193,583.875,641.865,
529,06/05/2021 8:00,1231.547,611.691,611.691,651.000,715.657,
530,06/05/2021 9:00,1629.685,799.060,799.060,838.350,921.614,
531,06/05/2021 10:00,1882.845,1004.288,1004.288,963.790,1059.513,
532,06/05/2021 11:00,1980.916,1069.807,1069.807,1040.108,1143.411,
533,06/05/2021 12:00,1988.967,1089.448,1089.448,1038.692,1141.854,
534,06/05/2021 13:00,1848.727,999.237,999.237,962.625,1058.232,
535,06/05/2021 14:00,1574.550,901.644,901.644,813.675,894.489,
536,06/05/2021 15:00,1158.660,740.470,740.470,572.825,629.718,
537,07/05/2021 8:00,1202.206,612.668,612.668,637.200,700.486,
538,07/05/2021 9:00,1581.850,799.730,799.730,821.350,902.926,
539,07/05/2021 10:00,1856.947,1004.556,1004.556,949.540,1043.848,
540,07/05/2021 11:00,1946.378,1069.900,1069.900,1024.767,1126.546,
541,07/05/2021 12:00,1904.325,1089.439,1089.439,1018.692,1119.867,
542,07/05/2021 13:00,1786.367,999.246,999.246,930.217,1022.605,
543,07/05/2021 14:00,1596.131,901.739,901.739,787.267,865.457,
544,07/05/2021 15:00,1063.291,740.755,740.755,380.525,418.318,
545,08/05/2021 8:00,1219.980,613.579,613.579,633.442,696.355,
546,08/05/2021 9:00,1530.872,800.340,800.340,823.450,905.234,
547,08/05/2021 10:00,1811.976,1004.775,1004.775,951.740,1046.266,
548,08/05/2021 11:00,1975.620,1069.958,1069.958,1026.467,1128.414,
549,08/05/2021 12:00,1937.985,1089.400,1089.400,1019.342,1120.582,
550,08/05/2021 13:00,1836.166,999.246,999.246,947.383,1041.477,
551,08/05/2021 14:00,1443.141,901.833,901.833,807.492,887.691,
552,08/05/2021 15:00,1177.299,741.046,741.046,604.342,664.364,
553,09/05/2021 8:00,1139.529,614.421,614.421,600.217,659.830,
554,09/05/2021 9:00,1556.202,800.889,800.889,794.975,873.931,
555,09/05/2021 10:00,1810.517,1004.948,1004.948,927.120,1019.201,
556,09/05/2021 11:00,1662.700,1063.237,1063.237,987.117,1085.156,
557,09/05/2021 12:00,1637.200,1084.273,1084.273,952.567,1047.175,
558,09/05/2021 13:00,1900.758,988.288,988.288,845.675,929.667,
559,09/05/2021 14:00,1294.101,901.926,901.926,775.700,852.742,
560,09/05/2021 15:00,1023.981,741.345,741.345,545.600,599.789,
561,10/05/2021 8:00,1237.701,615.183,615.183,625.358,687.468,
562,10/05/2021 9:00,1558.098,801.380,801.380,827.125,909.274,
563,10/05/2021 10:00,1743.387,1005.076,1005.076,950.500,1044.903,
564,10/05/2021 11:00,1909.630,1069.976,1069.976,1025.133,1126.949,
565,10/05/2021 12:00,1853.578,1089.245,1089.245,1021.100,1122.515,
566,10/05/2021 13:00,1821.448,999.220,999.220,943.533,1037.244,
567,10/05/2021 14:00,1494.074,902.020,902.020,802.875,882.616,
568,10/05/2021 15:00,959.635,741.652,741.652,263.242,289.387,
569,11/05/2021 8:00,885.596,615.880,615.880,559.583,615.161,
570,11/05/2021 9:00,1513.190,801.814,801.814,795.933,874.985,
571,11/05/2021 10:00,1476.204,1005.159,1005.159,876.300,963.333,
572,11/05/2021 11:00,2012.767,1069.937,1069.937,994.342,1093.099,
573,11/05/2021 12:00,1985.841,1080.100,1080.100,976.950,1073.980,
574,11/05/2021 13:00,1484.814,938.255,938.255,659.342,724.827,
575,11/05/2021 14:00,1402.497,757.528,757.528,364.967,401.215,
576,11/05/2021 15:00,1050.302,738.101,738.101,351.975,386.933,
577,12/05/2021 8:00,1214.420,616.517,616.517,650.200,714.777,
578,12/05/2021 9:00,1179.730,802.189,802.189,835.400,918.371,
579,12/05/2021 10:00,1832.198,1005.200,1005.200,960.390,1055.775,
580,12/05/2021 11:00,1950.023,1069.870,1069.870,1028.908,1131.099,
581,12/05/2021 12:00,1605.903,1089.016,1089.016,1020.475,1121.828,
582,12/05/2021 13:00,1634.829,999.170,999.170,944.817,1038.655,
583,12/05/2021 14:00,1198.530,899.821,899.821,756.592,831.736,
584,12/05/2021 15:00,1071.212,657.693,657.693,309.508,340.248,
585,13/05/2021 8:00,1257.354,617.093,617.093,648.575,712.991,
586,13/05/2021 9:00,1604.362,802.511,802.511,835.408,918.380,
587,13/05/2021 10:00,1868.086,1005.201,1005.201,964.410,1060.194,
588,13/05/2021 11:00,1967.418,1069.776,1069.776,1040.400,1143.732,
589,13/05/2021 12:00,1958.441,1088.883,1088.883,1037.083,1140.086,
590,13/05/2021 13:00,1854.500,999.139,999.139,959.142,1054.403,
591,13/05/2021 14:00,1596.908,902.315,902.315,811.867,892.501,
592,13/05/2021 15:00,957.322,742.593,742.593,591.875,650.660,
593,14/05/2021 8:00,1239.581,617.609,617.609,653.558,718.469,
594,14/05/2021 9:00,1614.248,802.778,802.778,837.258,920.414,
595,14/05/2021 10:00,1501.181,1005.162,1005.162,965.010,1060.854,
596,14/05/2021 11:00,1888.092,1069.655,1069.655,1036.433,1139.371,
597,14/05/2021 12:00,1918.195,1088.741,1088.741,1023.608,1125.272,
598,14/05/2021 13:00,1770.401,999.105,999.105,945.308,1039.196,
599,14/05/2021 14:00,1522.730,902.420,902.420,805.367,885.355,
600,14/05/2021 15:00,1119.000,742.912,742.912,603.758,663.723,
601,15/05/2021 8:00,1213.166,618.067,618.067,649.733,714.264,
602,15/05/2021 9:00,1580.850,802.992,802.992,831.625,914.221,
603,15/05/2021 10:00,1818.967,1005.086,1005.086,956.810,1051.840,
604,15/05/2021 11:00,1955.942,1069.510,1069.510,1025.392,1127.233,
605,15/05/2021 12:00,1997.126,1088.594,1088.594,850.592,935.072,
606,15/05/2021 13:00,1646.419,999.070,999.070,903.825,993.592,
607,15/05/2021 14:00,1139.932,902.531,902.531,720.717,792.298,
608,15/05/2021 15:00,714.091,743.241,743.241,558.225,613.667,
609,16/05/2021 8:00,1217.427,618.466,618.466,608.625,669.073,
610,16/05/2021 9:00,1570.881,803.157,803.157,834.292,917.153,
611,16/05/2021 10:00,1811.879,1004.974,1004.974,958.490,1053.686,
612,16/05/2021 11:00,1923.944,1069.343,1069.343,1028.358,1130.494,
613,16/05/2021 12:00,1895.349,1088.443,1088.443,1017.400,1118.447,
614,16/05/2021 13:00,1779.045,999.035,999.035,943.083,1036.750,
615,16/05/2021 14:00,1480.474,902.648,902.648,742.308,816.034,
616,16/05/2021 15:00,1265.722,743.581,743.581,587.508,645.859,
617,17/05/2021 8:00,1220.567,618.811,618.811,656.767,721.996,
618,17/05/2021 9:00,1609.479,803.270,803.270,837.367,920.533,
619,17/05/2021 10:00,1876.112,1004.829,1004.829,964.500,1060.293,
620,17/05/2021 11:00,1992.329,1069.155,1069.155,1039.383,1142.614,
621,17/05/2021 12:00,1963.898,1088.290,1088.290,1024.758,1126.536,
625,18/05/2021 8:00,1199.833,619.098,619.098,638.642,702.071,
626,18/05/2021 9:00,1587.295,803.334,803.334,819.233,900.599,
627,18/05/2021 10:00,1868.377,1004.651,1004.651,940.400,1033.800,
628,18/05/2021 11:00,1746.785,1068.949,1068.949,967.075,1063.124,
629,18/05/2021 12:00,1829.846,1058.601,1058.601,973.333,1070.004,
630,18/05/2021 13:00,1565.921,986.688,986.688,481.925,529.789,
631,18/05/2021 14:00,,497.725,497.725,10.400,11.433,
632,18/05/2021 15:00,,382.420,382.420,17.467,19.201,
633,19/05/2021 8:00,1213.214,619.334,619.334,650.667,715.290,
634,19/05/2021 9:00,1603.792,803.352,803.352,835.133,918.078,
635,19/05/2021 10:00,1825.557,1004.442,1004.442,962.480,1058.073,
636,19/05/2021 11:00,1950.207,1068.724,1068.724,1028.733,1130.906,
637,19/05/2021 12:00,1946.556,1087.981,1087.981,1019.050,1120.261,
638,19/05/2021 13:00,1799.955,998.936,998.936,945.733,1039.663,
639,19/05/2021 14:00,1439.580,903.037,903.037,799.758,879.190,
640,19/05/2021 15:00,1005.504,744.664,744.664,486.217,534.507,
641,20/05/2021 8:00,1207.006,619.515,619.515,647.267,711.553,
642,20/05/2021 9:00,1574.139,803.325,803.325,830.067,912.508,
643,20/05/2021 10:00,1789.880,1004.205,1004.205,954.760,1049.586,
644,20/05/2021 11:00,1886.631,1068.484,1068.484,1021.808,1123.294,
645,20/05/2021 12:00,1905.408,1087.828,1087.828,1013.533,1114.197,
646,20/05/2021 13:00,1798.592,998.909,998.909,928.117,1020.296,
647,20/05/2021 14:00,1559.928,903.184,903.184,796.567,875.681,
648,20/05/2021 15:00,1284.867,745.047,745.047,275.075,302.395,
649,21/05/2021 8:00,1207.536,619.645,619.645,641.600,705.323,
650,21/05/2021 9:00,1566.591,803.253,803.253,812.567,893.270,
651,21/05/2021 10:00,1813.378,1003.941,1003.941,937.070,1030.139,
652,21/05/2021 11:00,1865.088,1068.231,1068.231,999.258,1098.504,
653,21/05/2021 12:00,1758.942,1085.697,1085.697,1002.317,1101.866,
654,21/05/2021 13:00,1747.652,998.886,998.886,926.480,1018.497,
655,21/05/2021 14:00,1103.680,900.354,900.354,28.608,31.450,
656,21/05/2021 15:00,268.849,538.704,538.704,5.742,6.312,
657,22/05/2021 8:00,1278.239,619.725,619.725,619.892,681.459,
658,22/05/2021 9:00,1597.105,803.140,803.140,729.600,802.063,
659,22/05/2021 10:00,1813.305,1003.651,1003.651,885.830,973.810,
660,22/05/2021 11:00,1994.035,1067.964,1067.964,708.042,778.364,
661,22/05/2021 12:00,1361.593,1045.830,1045.830,169.275,186.087,
662,22/05/2021 13:00,,590.966,590.966,160.742,176.706,
663,22/05/2021 14:00,,316.457,316.457,153.283,168.507,
664,22/05/2021 15:00,,368.755,368.755,71.208,78.281,
665,23/05/2021 8:00,1293.986,619.756,619.756,649.608,714.127,
666,23/05/2021 9:00,1644.022,802.984,802.984,830.725,913.232,
667,23/05/2021 10:00,1872.932,1003.339,1003.339,947.090,1041.154,
668,23/05/2021 11:00,1973.741,1067.687,1067.687,1014.700,1115.479,
669,23/05/2021 12:00,2018.814,1087.380,1087.380,1009.725,1110.010,
670,23/05/2021 13:00,1613.451,998.859,998.859,835.325,918.289,
671,23/05/2021 14:00,643.298,903.680,903.680,237.250,260.813,
672,23/05/2021 15:00,,544.769,544.769,32.917,36.186,
673,24/05/2021 8:00,1327.291,619.738,619.738,651.133,715.803,
674,24/05/2021 9:00,1697.937,802.791,802.791,803.433,883.230,
675,24/05/2021 10:00,1926.156,1003.004,1003.004,948.230,1042.407,
676,24/05/2021 11:00,2049.674,1067.400,1067.400,1006.867,1106.868,
677,24/05/2021 12:00,1795.444,1087.237,1087.237,1008.117,1108.242,
678,24/05/2021 13:00,694.029,808.401,808.401,556.383,611.643,
679,24/05/2021 14:00,422.240,481.837,481.837,252.700,277.798,
680,24/05/2021 15:00,478.093,597.554,597.554,388.075,426.618,
681,25/05/2021 8:00,1290.305,619.673,619.673,648.342,712.734,
682,25/05/2021 9:00,1677.012,802.559,802.559,832.900,915.623,
683,25/05/2021 10:00,1906.262,1002.649,1002.649,957.720,1052.840,
684,25/05/2021 11:00,2061.677,1067.106,1067.106,1028.042,1130.146,
685,25/05/2021 12:00,2060.246,1087.097,1087.097,1023.492,1125.144,
686,25/05/2021 13:00,1929.478,998.861,998.861,949.767,1044.097,
687,25/05/2021 14:00,1656.101,904.065,904.065,811.192,891.759,
688,25/05/2021 15:00,1269.526,747.150,747.150,620.583,682.219,
689,26/05/2021 8:00,1276.122,619.563,619.563,645.800,709.940,
690,26/05/2021 9:00,1638.665,802.289,802.289,769.183,845.578,
691,26/05/2021 10:00,1875.414,1002.275,1002.275,942.050,1035.614,
692,26/05/2021 11:00,1983.356,1066.804,1066.804,1008.025,1108.141,
693,26/05/2021 12:00,2041.831,1086.961,1086.961,1008.150,1108.279,
694,26/05/2021 13:00,1921.169,998.876,998.876,850.083,934.513,
695,26/05/2021 14:00,1745.904,832.505,832.505,505.133,555.303,
696,26/05/2021 15:00,1194.637,550.001,550.001,550.908,605.624,
697,27/05/2021 8:00,1292.034,619.408,619.408,613.333,674.249,
698,27/05/2021 9:00,1627.851,801.983,801.983,816.175,897.237,
699,27/05/2021 10:00,1687.428,1001.884,1001.884,939.720,1033.052,
700,27/05/2021 11:00,1979.287,1066.497,1066.497,1007.442,1107.500,
701,27/05/2021 12:00,1799.647,1086.829,1086.829,1005.475,1105.338,
702,27/05/2021 13:00,1733.337,937.663,937.663,601.625,661.378,
703,27/05/2021 14:00,1278.279,886.368,886.368,600.700,660.361,
704,27/05/2021 15:00,1129.025,748.085,748.085,359.358,395.050,
705,28/05/2021 8:00,1243.543,619.208,619.208,640.692,704.325,
706,28/05/2021 9:00,1618.147,801.643,801.643,808.975,889.322,
707,28/05/2021 10:00,1860.038,1001.476,1001.476,947.130,1041.198,
708,28/05/2021 11:00,1923.756,1066.185,1066.185,1013.983,1114.691,
709,28/05/2021 12:00,1978.353,1086.504,1086.504,998.817,1098.018,
710,28/05/2021 13:00,1990.969,959.510,959.510,430.700,473.477,
711,28/05/2021 14:00,790.159,835.925,835.925,372.767,409.790,
712,28/05/2021 15:00,906.449,621.261,621.261,284.625,312.894,
713,29/05/2021 8:00,1242.811,618.966,618.966,640.950,704.609,
714,29/05/2021 9:00,1473.773,801.270,801.270,814.108,894.965,
715,29/05/2021 10:00,1754.114,998.743,998.743,915.110,1005.998,
716,29/05/2021 11:00,1971.140,1063.928,1063.928,1000.025,1099.347,
717,29/05/2021 12:00,2018.606,1086.137,1086.137,1004.192,1103.927,
718,29/05/2021 13:00,1807.291,965.630,965.630,763.408,839.229,
719,29/05/2021 14:00,576.953,881.502,881.502,144.425,158.769,
720,29/05/2021 15:00,,513.963,513.963,17.342,19.064,
721,30/05/2021 8:00,1260.059,618.683,618.683,619.267,680.772,
722,30/05/2021 9:00,1612.663,800.866,800.866,743.992,817.884,
723,30/05/2021 10:00,1881.660,1000.620,1000.620,943.240,1036.922,
724,30/05/2021 11:00,2018.129,1065.474,1065.474,1012.258,1112.795,
725,30/05/2021 12:00,2084.985,1085.784,1085.784,933.425,1026.132,
726,30/05/2021 13:00,1091.439,787.944,787.944,254.525,279.804,
727,30/05/2021 14:00,397.584,485.787,485.787,72.817,80.049,
728,30/05/2021 15:00,428.879,500.550,500.550,60.892,66.939,
729,31/05/2021 8:00,1260.835,618.359,618.359,640.992,704.654,
730,31/05/2021 9:00,1601.246,800.429,800.429,820.267,901.735,
731,31/05/2021 10:00,1816.754,1000.173,1000.173,939.610,1032.931,
732,31/05/2021 11:00,1932.112,1065.067,1065.067,1006.842,1106.840,
733,31/05/2021 12:00,1938.614,1085.445,1085.445,1002.525,1102.095,
734,31/05/2021 13:00,1866.560,999.116,999.116,908.383,998.603,
735,31/05/2021 14:00,1097.426,887.073,887.073,267.625,294.205,
736,31/05/2021 15:00,514.246,538.183,538.183,66.675,73.297,
737,01/06/2021 8:00,1097.856,617.996,628.889,627.017,764.541,
738,01/06/2021 9:00,1597.500,799.966,814.067,813.683,992.149,
739,01/06/2021 10:00,1754.986,999.717,1017.339,929.840,1133.783,
740,01/06/2021 11:00,1991.429,1064.662,1083.429,1009.133,1230.467,
741,01/06/2021 12:00,2017.765,1085.120,1104.248,1005.650,1226.220,
742,01/06/2021 13:00,1876.019,999.203,1016.816,939.683,1145.785,
743,01/06/2021 14:00,1626.954,905.841,921.808,803.092,979.234,
744,01/06/2021 15:00,347.158,750.668,763.900,603.467,735.826,
745,02/06/2021 8:00,1275.225,617.596,628.482,642.917,783.928,
746,02/06/2021 9:00,1638.731,799.476,813.568,824.383,1005.196,
747,02/06/2021 10:00,1906.592,999.252,1016.866,918.680,1120.175,
748,02/06/2021 11:00,1849.135,1064.258,1083.018,977.958,1192.455,
749,02/06/2021 12:00,1276.580,1081.618,1100.684,436.917,532.746,
750,02/06/2021 13:00,1162.723,734.219,747.161,594.667,725.095,
751,02/06/2021 14:00,733.346,846.971,861.901,518.925,632.741,
752,02/06/2021 15:00,777.455,738.779,751.802,542.775,661.822,
753,03/06/2021 8:00,385.332,518.886,528.033,143.958,175.533,
754,03/06/2021 9:00,869.722,700.857,713.211,372.200,453.835,
755,03/06/2021 10:00,1027.735,757.223,770.571,460.950,562.051,
756,03/06/2021 11:00,1617.373,884.225,899.811,554.617,676.261,
757,03/06/2021 12:00,1046.535,972.201,989.338,507.133,618.363,
758,03/06/2021 13:00,,480.953,489.431,282.942,344.999,
759,03/06/2021 14:00,307.790,471.563,479.875,49.750,60.662,
760,03/06/2021 15:00,247.065,491.668,500.335,28.058,34.212,
761,04/06/2021 8:00,1255.418,616.688,627.559,635.450,774.824,
762,04/06/2021 9:00,1586.986,798.418,812.492,812.283,990.442,
763,04/06/2021 10:00,1938.508,998.301,1015.898,903.560,1101.739,
764,04/06/2021 11:00,2060.056,1063.460,1082.205,986.167,1202.463,
765,04/06/2021 12:00,2053.280,1084.238,1103.350,1004.550,1224.879,
766,04/06/2021 13:00,1866.504,999.548,1017.168,931.617,1135.949,
767,04/06/2021 14:00,787.442,906.828,922.813,785.533,957.825,
768,04/06/2021 15:00,584.011,613.004,623.810,485.680,592.205,
769,05/06/2021 8:00,1340.553,616.184,627.046,639.333,779.559,
770,05/06/2021 9:00,1686.012,797.856,811.920,787.442,960.152,
771,05/06/2021 10:00,1545.514,969.869,986.965,756.990,923.021,
772,05/06/2021 11:00,2077.899,1054.106,1072.687,963.258,1174.531,
773,05/06/2021 12:00,1772.464,990.733,1008.196,1005.175,1225.641,
774,05/06/2021 13:00,1862.653,931.417,947.835,930.283,1134.323,
775,05/06/2021 14:00,1685.721,907.189,923.180,792.383,966.177,
776,05/06/2021 15:00,519.733,752.987,766.260,452.400,551.625,
777,06/06/2021 8:00,693.822,557.449,567.275,256.033,312.189,
778,06/06/2021 9:00,782.240,650.743,662.214,372.275,453.926,
779,06/06/2021 10:00,1230.882,806.947,821.171,566.780,691.092,
780,06/06/2021 11:00,1873.995,1035.541,1053.795,836.633,1020.133,
781,06/06/2021 12:00,1415.421,892.397,908.127,589.183,718.409,
782,06/06/2021 13:00,1252.961,862.787,877.996,612.717,747.104,
783,06/06/2021 14:00,1160.512,764.519,777.995,750.383,914.966,
784,06/06/2021 15:00,604.017,533.265,542.665,340.567,415.263,
785,07/06/2021 8:00,986.782,615.085,625.928,561.692,684.888,
786,07/06/2021 9:00,1528.602,796.669,810.712,777.433,947.948,
787,07/06/2021 10:00,1711.381,992.067,1009.555,775.580,945.689,
788,07/06/2021 11:00,2010.724,1027.374,1045.484,715.983,873.021,
789,07/06/2021 12:00,1790.845,983.786,1001.128,458.250,558.758,
790,07/06/2021 13:00,2047.946,849.937,864.919,293.417,357.772,
791,07/06/2021 14:00,1366.470,564.126,574.070,11.000,13.413,
792,07/06/2021 15:00,,385.676,392.474,11.000,13.413,
793,08/06/2021 8:00,1075.479,614.493,625.325,593.375,723.520,
794,08/06/2021 9:00,1306.840,796.050,810.082,662.808,808.183,
795,08/06/2021 10:00,1409.242,936.478,952.986,727.260,886.771,
796,08/06/2021 11:00,1294.456,925.009,941.315,645.883,787.545,
797,08/06/2021 12:00,1267.257,1052.063,1070.608,796.400,971.075,
798,08/06/2021 13:00,668.215,851.538,866.548,703.017,857.210,
799,08/06/2021 14:00,507.721,802.881,817.034,360.483,439.548,
800,08/06/2021 15:00,401.559,515.140,524.220,27.492,33.521,
801,09/06/2021 8:00,843.216,612.870,623.674,479.800,585.035,
802,09/06/2021 9:00,1251.884,795.416,809.437,733.900,894.867,
803,09/06/2021 10:00,1434.319,983.405,1000.740,782.990,954.724,
804,09/06/2021 11:00,2123.834,997.702,1015.288,892.517,1088.273,
805,09/06/2021 12:00,2073.682,1035.609,1053.864,572.292,697.813,
806,09/06/2021 13:00,1704.891,556.633,566.445,566.375,690.599,
807,09/06/2021 14:00,399.708,384.641,391.421,124.992,152.406,
808,09/06/2021 15:00,,373.369,379.950,28.283,34.487,
809,10/06/2021 8:00,1300.502,613.225,624.034,618.067,753.628,
810,10/06/2021 9:00,1465.759,794.766,808.776,801.008,976.694,
811,10/06/2021 10:00,1933.845,989.017,1006.450,909.010,1108.384,
812,10/06/2021 11:00,1805.586,1012.692,1030.543,808.675,986.042,
813,10/06/2021 12:00,1651.880,1048.828,1067.316,622.433,758.952,
814,10/06/2021 13:00,1986.202,976.838,994.057,774.033,943.803,
815,10/06/2021 14:00,1619.910,884.875,900.473,466.342,568.625,
816,10/06/2021 15:00,1078.258,578.675,588.876,62.517,76.229,
817,11/06/2021 8:00,1255.259,612.543,623.340,573.717,699.550,
818,11/06/2021 9:00,1603.740,794.106,808.104,785.800,958.150,
819,11/06/2021 10:00,559.250,738.390,751.406,598.120,729.306,
820,11/06/2021 11:00,1196.342,487.080,495.666,388.808,474.086,
821,11/06/2021 12:00,1483.950,992.739,1010.238,918.958,1120.514,
822,11/06/2021 13:00,1625.851,961.938,978.894,912.292,1112.385,
823,11/06/2021 14:00,1401.505,870.558,885.904,778.800,949.615,
824,11/06/2021 15:00,1125.078,751.161,764.402,330.117,402.521,
825,12/06/2021 8:00,902.515,611.838,622.623,548.983,669.392,
826,12/06/2021 9:00,1267.967,793.434,807.421,755.950,921.753,
827,12/06/2021 10:00,1777.446,994.430,1011.959,923.460,1126.003,
828,12/06/2021 11:00,2016.237,1055.492,1074.097,922.458,1124.782,
829,12/06/2021 12:00,1955.664,993.200,1010.708,726.108,885.366,
830,12/06/2021 13:00,497.425,908.241,924.251,466.633,568.980,
831,12/06/2021 14:00,,438.002,445.723,59.833,72.957,
832,12/06/2021 15:00,,391.843,398.750,13.242,16.146,
833,13/06/2021 8:00,1127.858,611.114,621.887,619.858,755.812,
834,13/06/2021 9:00,1624.253,792.756,806.730,806.358,983.218,
835,13/06/2021 10:00,1838.191,993.588,1011.102,850.010,1036.443,
836,13/06/2021 11:00,2015.275,1057.818,1076.464,977.808,1192.272,
837,13/06/2021 12:00,1895.333,1077.842,1096.841,603.533,735.907,
838,13/06/2021 13:00,596.686,554.014,563.780,241.400,294.346,
839,13/06/2021 14:00,,242.996,247.279,220.492,268.852,316.5012853
840,13/06/2021 15:00,,452.679,460.658,230.517,281.076,-213.3792047
841,14/06/2021 8:00,1297.504,610.373,621.133,629.108,767.091,
842,14/06/2021 9:00,1548.098,792.068,806.030,694.617,846.968,
843,14/06/2021 10:00,1857.649,989.406,1006.847,793.320,967.320,
844,14/06/2021 11:00,1952.813,1013.095,1030.953,894.792,1091.047,
845,14/06/2021 12:00,2003.862,1081.813,1100.882,1005.733,1226.322,
846,14/06/2021 13:00,1799.508,1001.687,1019.344,930.817,1134.973,
847,14/06/2021 14:00,1658.750,908.425,924.438,655.775,799.607,
848,14/06/2021 15:00,1102.964,716.186,728.810,158.608,193.396,
849,15/06/2021 8:00,1331.079,609.617,620.363,628.350,766.167,
850,15/06/2021 9:00,1702.707,791.376,805.326,808.700,986.073,
851,15/06/2021 10:00,1877.477,990.163,1007.617,835.300,1018.507,
852,15/06/2021 11:00,2030.328,1032.214,1050.409,899.600,1096.910,
853,15/06/2021 12:00,1941.886,1034.989,1053.233,810.008,987.668,
854,15/06/2021 13:00,940.043,762.264,775.701,630.692,769.022,
855,15/06/2021 14:00,1352.914,911.580,927.649,650.050,792.626,
856,15/06/2021 15:00,1376.641,731.822,744.722,568.417,693.088,
857,16/06/2021 8:00,1344.840,608.845,619.577,631.058,769.469,
858,16/06/2021 9:00,1689.540,790.680,804.618,813.758,992.241,
859,16/06/2021 10:00,1590.192,992.593,1010.089,939.220,1145.220,
860,16/06/2021 11:00,2017.578,1059.356,1078.030,1012.933,1235.101,
861,16/06/2021 12:00,2029.122,1082.180,1101.256,1013.458,1235.741,
862,16/06/2021 13:00,1538.079,1001.274,1018.923,945.150,1152.451,
863,16/06/2021 14:00,1297.235,890.271,905.964,801.558,977.365,
864,16/06/2021 15:00,1425.459,760.231,773.632,635.233,774.560,
865,17/06/2021 8:00,1298.955,608.061,618.779,627.758,765.445,
866,17/06/2021 9:00,1662.770,789.982,803.908,814.300,992.901,
867,17/06/2021 10:00,1902.909,992.155,1009.644,941.390,1147.866,
868,17/06/2021 11:00,2033.429,1059.091,1077.760,1014.683,1237.235,
869,17/06/2021 12:00,2040.278,1082.119,1101.194,1015.033,1237.661,
870,17/06/2021 13:00,1939.214,1002.619,1020.292,948.517,1156.556,
871,17/06/2021 14:00,1717.806,912.547,928.632,773.708,943.406,
872,17/06/2021 15:00,1041.289,760.391,773.794,349.850,426.583,
873,18/06/2021 8:00,1101.435,607.267,617.971,590.425,719.923,
874,18/06/2021 9:00,1659.922,789.283,803.196,798.858,974.073,
875,18/06/2021 10:00,1887.601,991.728,1009.209,937.880,1143.586,
876,18/06/2021 11:00,2014.116,1058.574,1077.233,1011.375,1233.201,
877,18/06/2021 12:00,2060.832,1082.076,1101.150,1012.542,1234.623,
878,18/06/2021 13:00,1966.459,1002.957,1020.637,938.858,1144.779,
879,18/06/2021 14:00,1695.309,913.037,929.131,817.033,996.234,
880,18/06/2021 15:00,1340.459,761.621,775.047,634.492,773.655,
881,19/06/2021 8:00,1083.108,606.462,617.153,626.833,764.317,
882,19/06/2021 9:00,779.371,679.848,691.832,588.008,716.977,
883,19/06/2021 10:00,1418.907,951.969,968.749,836.940,1020.507,
884,19/06/2021 11:00,1267.933,995.002,1012.541,752.342,917.353,
885,19/06/2021 12:00,1505.305,1033.671,1051.892,822.925,1003.418,
886,19/06/2021 13:00,1558.125,811.206,825.505,677.250,825.792,
887,19/06/2021 14:00,1110.229,664.564,676.278,482.242,588.012,
888,19/06/2021 15:00,1083.215,640.098,651.381,353.325,430.820,
889,20/06/2021 8:00,991.517,605.649,616.325,539.067,657.301,
890,20/06/2021 9:00,1784.388,787.887,801.775,766.625,934.770,
891,20/06/2021 10:00,1411.559,736.875,749.864,754.790,920.339,
892,20/06/2021 11:00,1468.235,651.439,662.922,747.633,911.612,
893,20/06/2021 12:00,1724.780,1044.347,1062.756,872.508,1063.876,
894,20/06/2021 13:00,1706.074,1003.551,1021.241,920.258,1122.099,
895,20/06/2021 14:00,1192.426,783.618,797.431,736.792,898.393,
896,20/06/2021 15:00,776.368,762.820,776.266,94.550,115.288,
897,21/06/2021 8:00,831.795,604.832,615.493,594.292,724.638,
898,21/06/2021 9:00,644.552,787.192,801.068,396.192,483.089,
899,21/06/2021 10:00,533.439,917.831,934.010,527.410,643.087,
900,21/06/2021 11:00,2286.002,1044.302,1062.710,926.850,1130.137,
901,21/06/2021 12:00,2197.870,1043.015,1061.401,749.717,914.153,
902,21/06/2021 13:00,1765.697,988.469,1005.893,594.817,725.278,
903,21/06/2021 14:00,1595.483,905.754,921.720,540.567,659.130,
904,21/06/2021 15:00,441.495,763.705,777.167,367.850,448.531,
905,22/06/2021 8:00,937.560,604.007,614.654,463.308,564.926,
906,22/06/2021 9:00,1625.328,786.503,800.367,760.117,926.834,
907,22/06/2021 10:00,1842.271,990.139,1007.593,925.290,1128.235,
908,22/06/2021 11:00,1996.133,1057.001,1075.633,999.583,1218.823,
909,22/06/2021 12:00,1879.822,1081.430,1100.493,984.358,1200.258,
910,22/06/2021 13:00,1720.996,987.869,1005.282,886.608,1081.069,
911,22/06/2021 14:00,1421.777,914.947,931.075,701.483,855.340,
912,22/06/2021 15:00,708.104,702.974,715.366,289.875,353.454,
913,23/06/2021 8:00,1173.617,603.180,613.812,474.625,578.725,
914,23/06/2021 9:00,1685.839,785.817,799.669,760.250,926.996,
915,23/06/2021 10:00,1429.369,891.017,906.723,684.040,834.071,
916,23/06/2021 11:00,1714.083,1003.412,1021.100,904.525,1102.915,
917,23/06/2021 12:00,2024.395,1057.997,1076.647,1002.158,1221.963,
918,23/06/2021 13:00,1955.495,1004.522,1022.229,934.292,1139.211,
919,23/06/2021 14:00,1615.612,915.591,931.730,802.933,979.041,
920,23/06/2021 15:00,596.442,607.387,618.094,175.900,214.480,
921,24/06/2021 8:00,1214.029,602.348,612.966,565.042,688.973,
922,24/06/2021 9:00,1593.004,785.137,798.976,791.125,964.643,
923,24/06/2021 10:00,1568.408,968.939,986.019,791.030,964.527,
924,24/06/2021 11:00,1856.081,959.553,976.468,933.258,1137.951,
925,24/06/2021 12:00,1789.510,1035.620,1053.875,930.325,1134.374,
926,24/06/2021 13:00,1815.539,987.134,1004.535,934.717,1139.729,
927,24/06/2021 14:00,1223.081,888.843,904.511,791.225,964.765,
928,24/06/2021 15:00,856.285,749.405,762.615,432.975,527.940,
929,25/06/2021 8:00,1349.734,601.516,612.119,616.125,751.260,
930,25/06/2021 9:00,1665.640,784.463,798.290,793.333,967.336,
931,25/06/2021 10:00,1948.009,952.328,969.115,896.550,1093.191,
932,25/06/2021 11:00,2015.520,1024.840,1042.905,988.158,1204.892,
933,25/06/2021 12:00,1493.710,1067.852,1086.675,675.025,823.079,
934,25/06/2021 13:00,794.433,486.273,494.845,145.183,177.027,
935,25/06/2021 14:00,518.967,416.804,424.151,180.925,220.607,
936,25/06/2021 15:00,405.153,619.920,630.847,102.258,124.687,
937,26/06/2021 8:00,1239.432,600.682,611.270,621.175,757.418,
938,26/06/2021 9:00,1663.514,783.797,797.613,805.283,981.907,
939,26/06/2021 10:00,1834.052,988.044,1005.461,920.580,1122.492,
940,26/06/2021 11:00,1969.494,1044.334,1062.742,992.983,1210.775,
941,26/06/2021 12:00,2031.911,1024.368,1042.425,979.708,1194.589,
942,26/06/2021 13:00,1912.233,1006.096,1023.830,868.808,1059.365,
943,26/06/2021 14:00,1701.381,917.177,933.344,819.942,999.780,
944,26/06/2021 15:00,1284.668,767.109,780.631,632.142,770.790,
945,27/06/2021 8:00,687.902,599.847,610.420,399.142,486.686,
946,27/06/2021 9:00,1439.092,783.138,796.943,606.992,740.124,
947,27/06/2021 10:00,1827.053,986.516,1003.905,755.350,921.022,
948,27/06/2021 11:00,1809.094,1053.743,1072.318,959.025,1169.369,
949,27/06/2021 12:00,1893.884,1057.426,1076.066,777.025,947.451,
950,27/06/2021 13:00,1946.049,1000.562,1018.200,919.167,1120.768,
951,27/06/2021 14:00,1750.935,917.710,933.887,800.567,976.156,
952,27/06/2021 15:00,1385.111,767.771,781.305,458.208,558.708,
953,28/06/2021 8:00,1253.317,599.012,609.571,621.967,758.383,
954,28/06/2021 9:00,1617.883,782.488,796.281,738.325,900.262,
955,28/06/2021 10:00,1804.207,988.162,1005.581,917.440,1118.663,
956,28/06/2021 11:00,1849.618,1057.135,1075.769,996.583,1215.165,
957,28/06/2021 12:00,1968.169,1082.613,1101.697,1011.133,1232.906,
958,28/06/2021 13:00,1849.429,1006.982,1024.732,935.475,1140.654,
959,28/06/2021 14:00,1398.195,917.753,933.931,605.467,738.264,
960,28/06/2021 15:00,867.602,476.696,485.099,325.208,396.537,
961,29/06/2021 8:00,1123.333,598.181,608.725,613.633,748.222,
962,29/06/2021 9:00,1583.571,781.846,795.628,797.258,972.122,
963,29/06/2021 10:00,1836.922,987.884,1005.298,921.670,1123.821,
964,29/06/2021 11:00,1895.470,1057.033,1075.666,991.900,1209.454,
965,29/06/2021 12:00,1879.773,1082.764,1101.850,993.983,1211.995,
966,29/06/2021 13:00,1755.228,1005.329,1023.050,923.900,1126.540,
967,29/06/2021 14:00,1521.124,918.444,934.633,646.508,788.308,
968,29/06/2021 15:00,1157.959,768.081,781.620,344.950,420.608,
969,30/06/2021 8:00,1142.490,597.351,607.880,595.025,725.532,
970,30/06/2021 9:00,1523.942,781.216,794.987,745.350,908.828,
971,30/06/2021 10:00,1772.770,987.621,1005.030,912.890,1113.115,
972,30/06/2021 11:00,1919.048,1055.907,1074.520,986.192,1202.494,
973,30/06/2021 12:00,1948.088,1082.932,1102.021,992.525,1210.216,
974,30/06/2021 13:00,1828.156,1004.769,1022.481,916.217,1117.171,
975,30/06/2021 14:00,1279.009,838.320,853.097,361.892,441.266,
976,30/06/2021 15:00,551.021,555.198,564.985,115.600,140.955,
